{"cameraMode":{"drawMode":0,"name":"Shaded","section":"Shading Mode"},"sceneLighting":true,"audioPlay":false,"sceneViewState":{"m_AlwaysRefresh":false,"showFog":true,"showSkybox":false,"showFlares":true,"showImageEffects":true,"showParticleSystems":true,"showVisualEffectGraphs":true,"m_FxEnabled":true},"in2DMode":false,"pivot":{"x":-0.07389725744724274,"y":5.6005706787109379,"z":-0.12046350538730622},"rotation":{"x":-0.6909396648406982,"y":-0.13151314854621888,"z":-0.13002371788024903,"w":0.6988746523857117},"size":8.62500286102295,"orthographic":false}