{"cameraMode":{"drawMode":0,"name":"Shaded","section":"Shading Mode"},"sceneLighting":true,"audioPlay":false,"sceneViewState":{"m_AlwaysRefresh":false,"showFog":true,"showSkybox":false,"showFlares":true,"showImageEffects":true,"showParticleSystems":true,"showVisualEffectGraphs":true,"m_FxEnabled":true},"in2DMode":false,"pivot":{"x":0.09501886367797852,"y":-0.47374582290649416,"z":-2.153120994567871},"rotation":{"x":0.0965779721736908,"y":-0.7790999412536621,"z":0.12398168444633484,"w":0.6069021224975586},"size":4.432050704956055,"orthographic":false}