{"cameraMode":{"drawMode":0,"name":"Shaded","section":"Shading Mode"},"sceneLighting":false,"audioPlay":false,"sceneViewState":{"m_AlwaysRefresh":false,"showFog":true,"showSkybox":false,"showFlares":true,"showImageEffects":true,"showParticleSystems":true,"showVisualEffectGraphs":true,"m_FxEnabled":true},"in2DMode":false,"pivot":{"x":14.619999885559082,"y":5.150000095367432,"z":-2.8400001525878908},"rotation":{"x":0.008736071176826954,"y":-0.9906209111213684,"z":0.11373499780893326,"w":0.07590093463659287},"size":6.9282026290893559,"orthographic":false}