{"cameraMode":{"drawMode":0,"name":"Shaded","section":"Shading Mode"},"sceneLighting":true,"audioPlay":false,"sceneViewState":{"m_AlwaysRefresh":false,"showFog":true,"showSkybox":false,"showFlares":true,"showImageEffects":true,"showParticleSystems":true,"showVisualEffectGraphs":true,"m_FxEnabled":true},"in2DMode":false,"pivot":{"x":0.10882377624511719,"y":8.537277221679688,"z":-4.5166168212890629},"rotation":{"x":-0.008372333832085133,"y":-0.9914290904998779,"z":-0.08166998624801636,"w":0.10176944732666016},"size":11.48525619506836,"orthographic":false}